{"inputUnits":[34],"outputUnits":2,"inputs":{"0":{"dtype":"number","min":832.6491543662223,"max":1177.4552295551225},"1":{"dtype":"number","min":65.74914242043104,"max":129.2389155732982},"2":{"dtype":"number","min":847.1165080385913,"max":1182.1458693329926},"3":{"dtype":"number","min":46.67324118113237,"max":107.72296875831216},"4":{"dtype":"number","min":835.363939634093,"max":1182.4341535753776},"5":{"dtype":"number","min":39.97956762054082,"max":99.98126642249434},"6":{"dtype":"number","min":865.4673203049002,"max":1230.8945476962433},"7":{"dtype":"number","min":63.63330173121352,"max":86.22849163842108},"8":{"dtype":"number","min":855.8305444977162,"max":1191.8949397343142},"9":{"dtype":"number","min":51.32309835708554,"max":84.53129631072164},"10":{"dtype":"number","min":882.3220468958991,"max":1252.4987860690758},"11":{"dtype":"number","min":155.2658027619239,"max":333.3014488962374},"12":{"dtype":"number","min":887.3738141189752,"max":1242.190580998877},"13":{"dtype":"number","min":151.84397567570903,"max":200.70111864735645},"14":{"dtype":"number","min":858.1529693009788,"max":1232.0543614250212},"15":{"dtype":"number","min":272.8197835484367,"max":552.0976120766962},"16":{"dtype":"number","min":865.4448747449347,"max":1194.0728189787512},"17":{"dtype":"number","min":261.1336567800796,"max":337.552513983463},"18":{"dtype":"number","min":765.3366433228964,"max":1096.4158251870003},"19":{"dtype":"number","min":361.24985275565416,"max":725.2670282148665},"20":{"dtype":"number","min":796.8169212341309,"max":1141.4554676100438},"21":{"dtype":"number","min":333.5179105528597,"max":383.84505468583757},"22":{"dtype":"number","min":869.3751160736678,"max":1296.639583305626},"23":{"dtype":"number","min":360.9146388309938,"max":764.6859648441061},"24":{"dtype":"number","min":909.2812003050333,"max":1270.3573715269333},"25":{"dtype":"number","min":359.1385674383853,"max":514.8582586147442},"26":{"dtype":"number","min":798.679796508314,"max":1280.4888553842031},"27":{"dtype":"number","min":526.7091268695282,"max":982.6964352381367},"28":{"dtype":"number","min":897.5707483848245,"max":1334.8537863646036},"29":{"dtype":"number","min":530.1651766884651,"max":781.4621606967792},"30":{"dtype":"number","min":747.7254337652183,"max":1312.2663793304087},"31":{"dtype":"number","min":703.6508077777313,"max":1104.8508821480004},"32":{"dtype":"number","min":908.0891008785262,"max":1328.9097152888078},"33":{"dtype":"number","min":696.3431468919093,"max":1035.0988899409074}},"outputs":{"0":{"dtype":"string","min":0,"max":1,"uniqueValues":["gait1.mp4","gait2.mp4"],"legend":{"gait1.mp4":[1,0],"gait2.mp4":[0,1]}}},"isNormalized":true}