{"inputUnits":[34],"outputUnits":5,"inputs":{"0":{"dtype":"number","min":0.05493237907320609,"max":824.289411181142},"1":{"dtype":"number","min":-90.95522942895556,"max":465.11656345374854},"2":{"dtype":"number","min":-7.873031972447259,"max":830.4710880086581},"3":{"dtype":"number","min":-83.21574979997331,"max":462.0518011184055},"4":{"dtype":"number","min":1.0058735057073809,"max":821.0892379627154},"5":{"dtype":"number","min":-91.94323825465102,"max":461.08037227484976},"6":{"dtype":"number","min":0.14897319036698992,"max":839.6358160471639},"7":{"dtype":"number","min":-81.57252047869018,"max":462.7766256369506},"8":{"dtype":"number","min":-13.473234959613478,"max":792.6734232290246},"9":{"dtype":"number","min":-88.9445217629815,"max":460.0800007226867},"10":{"dtype":"number","min":0.7082320632637706,"max":870.5512889879338},"11":{"dtype":"number","min":-6.949061534748012,"max":470.3110879664291},"12":{"dtype":"number","min":-79.99559933851664,"max":806.0956204429211},"13":{"dtype":"number","min":-25.168723911626795,"max":470.05613692354143},"14":{"dtype":"number","min":1.0013605852535263,"max":903.183406648005},"15":{"dtype":"number","min":0.9014225228751216,"max":517.1997038195569},"16":{"dtype":"number","min":-70.96470009028215,"max":809.5902413245768},"17":{"dtype":"number","min":0.8896835267775718,"max":505.6895399650247},"18":{"dtype":"number","min":0.9733756098765808,"max":896.4287058982403},"19":{"dtype":"number","min":0.8967682953474587,"max":656.6621235205506},"20":{"dtype":"number","min":-63.47579617537413,"max":837.6243977231273},"21":{"dtype":"number","min":0.9363113581438472,"max":616.2947884088361},"22":{"dtype":"number","min":0.807289628203277,"max":843.2459518566205},"23":{"dtype":"number","min":0.9824485333513193,"max":605.7858356130727},"24":{"dtype":"number","min":-5.499967688252497,"max":802.8065943662295},"25":{"dtype":"number","min":0.9329838734192607,"max":601.1334013994566},"26":{"dtype":"number","min":0.7898131493000669,"max":854.2932071259049},"27":{"dtype":"number","min":0.969984893205101,"max":786.7231447678132},"28":{"dtype":"number","min":-20.287117071188845,"max":796.4024487747757},"29":{"dtype":"number","min":0.970847578827973,"max":778.7307949548566},"30":{"dtype":"number","min":0.8022772644280459,"max":869.4459700584413},"31":{"dtype":"number","min":0.9984501345148347,"max":940.10828636778},"32":{"dtype":"number","min":-1.4142110259616423,"max":792.6029236214634},"33":{"dtype":"number","min":0.9975159641369772,"max":935.7722207154745}},"outputs":{"0":{"dtype":"string","min":0,"max":1,"uniqueValues":["MS Gait","Cerebral palsy Gait ","Parkinsons gait ","Normal Gait","Post-stroke gait "],"legend":{"MS Gait":[1,0,0,0,0],"Cerebral palsy Gait ":[0,1,0,0,0],"Parkinsons gait ":[0,0,1,0,0],"Normal Gait":[0,0,0,1,0],"Post-stroke gait ":[0,0,0,0,1]}}},"isNormalized":true}