{"inputUnits":[34],"outputUnits":5,"inputs":{"0":{"dtype":"number","min":113.52816828122866,"max":764.2340297513434},"1":{"dtype":"number","min":-13.641022322242826,"max":447.05481638518756},"2":{"dtype":"number","min":121.99977520746017,"max":778.6666897094667},"3":{"dtype":"number","min":-21.216287338316207,"max":440.10803128773136},"4":{"dtype":"number","min":104.52953362001057,"max":752.684271177893},"5":{"dtype":"number","min":-20.15378917887053,"max":440.69784467600664},"6":{"dtype":"number","min":131.952287243498,"max":790.6044637219915},"7":{"dtype":"number","min":-18.555755169938973,"max":443.2932248913361},"8":{"dtype":"number","min":96.14171707212694,"max":732.3862722411693},"9":{"dtype":"number","min":-21.175332985963337,"max":444.4675648796883},"10":{"dtype":"number","min":143.69350810923004,"max":817.2488914779187},"11":{"dtype":"number","min":45.99959677017152,"max":463.4711350012383},"12":{"dtype":"number","min":84.23396687192212,"max":759.7173976527113},"13":{"dtype":"number","min":57.51834673454789,"max":460.91161369743986},"14":{"dtype":"number","min":154.7833956150693,"max":845.4361497901293},"15":{"dtype":"number","min":139.5919032115417,"max":492.69011303422985},"16":{"dtype":"number","min":49.00509268764392,"max":783.2290800397034},"17":{"dtype":"number","min":147.124514271777,"max":495.537685643838},"18":{"dtype":"number","min":132.635525688587,"max":853.2602602906728},"19":{"dtype":"number","min":186.21677821526737,"max":545.3342147819727},"20":{"dtype":"number","min":85.61757396445665,"max":830.6530822204709},"21":{"dtype":"number","min":188.4726455777536,"max":588.1037966657706},"22":{"dtype":"number","min":134.42502672384688,"max":792.1198845373517},"23":{"dtype":"number","min":191.79181350158814,"max":572.2261526222824},"24":{"dtype":"number","min":84.71534795056061,"max":723.2856611333468},"25":{"dtype":"number","min":187.4869385099597,"max":565.7929603812296},"26":{"dtype":"number","min":132.28630918380355,"max":785.8452885067416},"27":{"dtype":"number","min":273.6385549626926,"max":784.1894251159193},"28":{"dtype":"number","min":85.50133298992648,"max":725.6685039945497},"29":{"dtype":"number","min":271.84755669308083,"max":781.8225137324649},"30":{"dtype":"number","min":129.14496422695282,"max":769.3930897963186},"31":{"dtype":"number","min":335.8772779605732,"max":985.5499366730569},"32":{"dtype":"number","min":75.15194916817927,"max":721.4912760582415},"33":{"dtype":"number","min":336.38069613712776,"max":983.038930811307}},"outputs":{"0":{"dtype":"string","min":0,"max":1,"uniqueValues":["Cerebral palsy Gait ","Normal Gait","MS Gait","Parkinsons gait ","Post-stroke gait "],"legend":{"Cerebral palsy Gait ":[1,0,0,0,0],"Normal Gait":[0,1,0,0,0],"MS Gait":[0,0,1,0,0],"Parkinsons gait ":[0,0,0,1,0],"Post-stroke gait ":[0,0,0,0,1]}}},"isNormalized":true}