{"inputUnits":[34],"outputUnits":2,"inputs":{"0":{"dtype":"number","min":170.55477891914575,"max":1185.8905346940926},"1":{"dtype":"number","min":61.88686296633705,"max":454.0304785108751},"2":{"dtype":"number","min":163.01357907543849,"max":1195.1470531656585},"3":{"dtype":"number","min":40.00425245975242,"max":419.3484734561192},"4":{"dtype":"number","min":172.1201670308985,"max":1206.5512785559033},"5":{"dtype":"number","min":32.632671756967,"max":425.5203104575784},"6":{"dtype":"number","min":155.4498394917885,"max":1241.1840201351893},"7":{"dtype":"number","min":54.280799836036294,"max":439.24820035348137},"8":{"dtype":"number","min":169.73832000554302,"max":1211.5528097783545},"9":{"dtype":"number","min":46.85750597645796,"max":455.48013412534954},"10":{"dtype":"number","min":169.935577630069,"max":1284.0867709742445},"11":{"dtype":"number","min":146.36713347082468,"max":576.6320185624207},"12":{"dtype":"number","min":101.98031429186868,"max":1254.8823177930444},"13":{"dtype":"number","min":149.28158162632803,"max":608.8044317223219},"14":{"dtype":"number","min":199.34059439930004,"max":1216.7330665439947},"15":{"dtype":"number","min":245.23518692194716,"max":724.035875491131},"16":{"dtype":"number","min":146.62230079739936,"max":1220.2814448018946},"17":{"dtype":"number","min":250.9126445013261,"max":826.1430054601528},"18":{"dtype":"number","min":166.34480635943578,"max":1150.544046483615},"19":{"dtype":"number","min":337.0952775413424,"max":719.9330109473794},"20":{"dtype":"number","min":170.34739060160715,"max":1152.7943868674192},"21":{"dtype":"number","min":322.679042890378,"max":712.4922102991245},"22":{"dtype":"number","min":193.11564122656438,"max":1330.6835984998174},"23":{"dtype":"number","min":342.8903411983979,"max":819.1063330980589},"24":{"dtype":"number","min":158.53262934703307,"max":1272.6917712141103},"25":{"dtype":"number","min":339.79217529296875,"max":872.3284241197637},"26":{"dtype":"number","min":108.83376585370371,"max":1314.7111659662269},"27":{"dtype":"number","min":513.2262625490181,"max":997.9153905490027},"28":{"dtype":"number","min":141.2645181143794,"max":1362.4135635613466},"29":{"dtype":"number","min":510.886703669329,"max":1032.3258954356152},"30":{"dtype":"number","min":101.37564677672627,"max":1312.7500396016042},"31":{"dtype":"number","min":598.3118631682042,"max":1117.2975743512698},"32":{"dtype":"number","min":138.65057622412297,"max":1340.1250353490332},"33":{"dtype":"number","min":625.3674061103553,"max":1116.1602711399241}},"outputs":{"0":{"dtype":"string","min":0,"max":1,"uniqueValues":["gait2.mp4","gait1.mp4"],"legend":{"gait2.mp4":[1,0],"gait1.mp4":[0,1]}}},"isNormalized":true}