{"inputUnits":[34],"outputUnits":2,"inputs":{"0":{"dtype":"number","min":273.4693612760143,"max":737.1382001819314},"1":{"dtype":"number","min":28.09381781848952,"max":447.05481638518756},"2":{"dtype":"number","min":284.89115995934037,"max":747.289433572079},"3":{"dtype":"number","min":12.840209396896661,"max":440.10803128773136},"4":{"dtype":"number","min":259.5863625752787,"max":725.0918224674255},"5":{"dtype":"number","min":11.509305308301158,"max":440.69784467600664},"6":{"dtype":"number","min":303.3921173370302,"max":765.4480521502662},"7":{"dtype":"number","min":28.19495368096615,"max":443.2932248913361},"8":{"dtype":"number","min":227.67093458342646,"max":701.8799590136755},"9":{"dtype":"number","min":23.810327006685128,"max":444.4675648796883},"10":{"dtype":"number","min":318.00898584688684,"max":772.7843651419021},"11":{"dtype":"number","min":128.00302802356765,"max":463.4711350012383},"12":{"dtype":"number","min":219.57249975343626,"max":726.8999632601608},"13":{"dtype":"number","min":100.64189777300052,"max":460.91161369743986},"14":{"dtype":"number","min":345.43630008474867,"max":791.6485932550543},"15":{"dtype":"number","min":241.73502495316683,"max":492.69011303422985},"16":{"dtype":"number","min":187.15743330944372,"max":745.4381160513436},"17":{"dtype":"number","min":213.7139992027431,"max":495.537685643838},"18":{"dtype":"number","min":344.569421686551,"max":804.5744593551651},"19":{"dtype":"number","min":219.27626550800608,"max":545.3342147819727},"20":{"dtype":"number","min":185.69159594212988,"max":830.6530822204709},"21":{"dtype":"number","min":224.93684783334402,"max":588.1037966657706},"22":{"dtype":"number","min":308.2053484248744,"max":737.5351400412475},"23":{"dtype":"number","min":302.6553558468355,"max":572.2261526222824},"24":{"dtype":"number","min":241.87456274218135,"max":698.6851816140261},"25":{"dtype":"number","min":299.0605543559627,"max":565.7929603812296},"26":{"dtype":"number","min":303.7837165914157,"max":730.2069742020931},"27":{"dtype":"number","min":358.4497661479253,"max":784.1894251159193},"28":{"dtype":"number","min":241.81355812577425,"max":684.5912259469236},"29":{"dtype":"number","min":359.1936073284669,"max":781.8225137324649},"30":{"dtype":"number","min":300.2249538814975,"max":735.8649978934559},"31":{"dtype":"number","min":406.58827101859606,"max":985.5499366730569},"32":{"dtype":"number","min":234.33990186847137,"max":679.3714138877067},"33":{"dtype":"number","min":406.6792248306572,"max":983.038930811307}},"outputs":{"0":{"dtype":"string","min":0,"max":1,"uniqueValues":["Cerebral palsy Gait ","Normal Gait"],"legend":{"Cerebral palsy Gait ":[1,0],"Normal Gait":[0,1]}}},"isNormalized":true}