{"inputUnits":[34],"outputUnits":2,"inputs":{"0":{"dtype":"number","min":0.05493237907320609,"max":620.0375128720057},"1":{"dtype":"number","min":0.5447710682909777,"max":367.99036903232917},"2":{"dtype":"number","min":-11.6786672503104,"max":610.4015276125897},"3":{"dtype":"number","min":0.2736059997796085,"max":363.59005683869236},"4":{"dtype":"number","min":-5.1653602735541675,"max":620.3431759845422},"5":{"dtype":"number","min":0.33985633701665857,"max":364.3050268150953},"6":{"dtype":"number","min":0.14897319036698992,"max":606.4763740509865},"7":{"dtype":"number","min":0.5237232609017813,"max":185.6725893725681},"8":{"dtype":"number","min":0.02667695353467177,"max":637.8537572719707},"9":{"dtype":"number","min":0.36124099553327155,"max":190.37423432940176},"10":{"dtype":"number","min":0.7082320632637706,"max":637.3582192506308},"11":{"dtype":"number","min":0.7043800799299307,"max":234.97353449127547},"12":{"dtype":"number","min":0.8171309534213886,"max":669.5814996266644},"13":{"dtype":"number","min":0.5586549632744102,"max":234.86366598522613},"14":{"dtype":"number","min":1.0013605852535263,"max":678.7254959284563},"15":{"dtype":"number","min":0.9014225228751216,"max":340.931795469054},"16":{"dtype":"number","min":0.9920678045963035,"max":694.5049104801875},"17":{"dtype":"number","min":0.8896835267775718,"max":345.5950139264652},"18":{"dtype":"number","min":0.9733756098765808,"max":691.5249724035597},"19":{"dtype":"number","min":0.8967682953474587,"max":416.33574750729565},"20":{"dtype":"number","min":0.46124451633557273,"max":701.0200487426283},"21":{"dtype":"number","min":0.9363113581438472,"max":412.81412158773105},"22":{"dtype":"number","min":0.807289628203277,"max":610.921687263459},"23":{"dtype":"number","min":0.9824485333513193,"max":402.76379537025775},"24":{"dtype":"number","min":0.9913339577760214,"max":641.1736291076422},"25":{"dtype":"number","min":0.9329838734192607,"max":408.4356988691634},"26":{"dtype":"number","min":0.7898131493000669,"max":597.7483945616489},"27":{"dtype":"number","min":0.969984893205101,"max":558.6066277054961},"28":{"dtype":"number","min":0.7971097003625061,"max":624.9620605943732},"29":{"dtype":"number","min":0.970847578827973,"max":552.6173356943093},"30":{"dtype":"number","min":0.8022772644280459,"max":617.9295353870912},"31":{"dtype":"number","min":0.9984501345148347,"max":715.8377083507494},"32":{"dtype":"number","min":0.8058805948101593,"max":626.3714825225711},"33":{"dtype":"number","min":0.9975159641369772,"max":721.040746666578}},"outputs":{"0":{"dtype":"string","min":0,"max":1,"uniqueValues":["MS Gait","Normal Gait"],"legend":{"MS Gait":[1,0],"Normal Gait":[0,1]}}},"isNormalized":true}