{"inputUnits":[34],"outputUnits":2,"inputs":{"0":{"dtype":"number","min":230.7442470710101,"max":1181.6287949521254},"1":{"dtype":"number","min":60.031627300648324,"max":188.77316990715053},"2":{"dtype":"number","min":237.2065391484865,"max":1187.743785451822},"3":{"dtype":"number","min":39.31393887189574,"max":173.26607731251397},"4":{"dtype":"number","min":233.33943598001383,"max":1186.8135287418438},"5":{"dtype":"number","min":34.222726442470616,"max":174.104003869142},"6":{"dtype":"number","min":267.6848490254424,"max":1245.2221798641672},"7":{"dtype":"number","min":55.503164636485735,"max":109.48733492491306},"8":{"dtype":"number","min":254.08818067929158,"max":1210.319294367319},"9":{"dtype":"number","min":47.45371591720135,"max":117.10795385271655},"10":{"dtype":"number","min":274.999375003785,"max":1257.2996616455134},"11":{"dtype":"number","min":146.60605642118338,"max":327.5694780294069},"12":{"dtype":"number","min":289.7447050387757,"max":1238.2799134449272},"13":{"dtype":"number","min":150.44260033559237,"max":290.7953574314191},"14":{"dtype":"number","min":291.50565924347603,"max":1225.5902649753289},"15":{"dtype":"number","min":265.9140044594553,"max":535.722783923613},"16":{"dtype":"number","min":273.60113918317427,"max":1201.9143978018703},"17":{"dtype":"number","min":254.93225625331297,"max":509.8741354181608},"18":{"dtype":"number","min":255.36881363902108,"max":1138.890170097351},"19":{"dtype":"number","min":341.6349012174495,"max":724.0548942729192},"20":{"dtype":"number","min":268.790089954401,"max":1140.3176386959358},"21":{"dtype":"number","min":330.99232401643746,"max":687.8166783106466},"22":{"dtype":"number","min":266.14190410268907,"max":1282.4196061605608},"23":{"dtype":"number","min":358.7959106385939,"max":743.1884531789251},"24":{"dtype":"number","min":296.80782010304785,"max":1267.5439287493664},"25":{"dtype":"number","min":343.70298016767094,"max":674.4103209452869},"26":{"dtype":"number","min":250.12762085101946,"max":1309.7113570870129},"27":{"dtype":"number","min":520.677610827791,"max":953.9907416109909},"28":{"dtype":"number","min":334.47197959951853,"max":1336.4791678677273},"29":{"dtype":"number","min":521.3961599995654,"max":968.8363744943522},"30":{"dtype":"number","min":240.8716844937217,"max":1311.3976649403107},"31":{"dtype":"number","min":677.5729735157369,"max":1120.1965189518166},"32":{"dtype":"number","min":389.9162692912358,"max":1336.0694985742234},"33":{"dtype":"number","min":673.0011887587461,"max":1119.7221674858827}},"outputs":{"0":{"dtype":"string","min":0,"max":1,"uniqueValues":["gait2.mp4","gait1.mp4"],"legend":{"gait2.mp4":[1,0],"gait1.mp4":[0,1]}}},"isNormalized":true}